"","steps","turns","time_diff_sec","type","same_whale_ID","X","Y","time_txt","ob_order_time","ship_whale_dist","ship_whale_bearing","whale_behavior"
"1",130.023941175422,-0.641310877830885,19.9999999999999,"short_int","2008-06-23-K-017",443753.7455,6474843.852,"6:53:54",2,685.3390271,-11.65964092,"BL-Blowing"
"2",2526.09534697601,NA,828.999999999992,"long_int","2008-06-23-K-066",408176.7084,6450616.549,"18:26:58",1,2484.848356,-2.348676155,"BL-Blowing"
"3",299.755366130371,0.69835747497309,175.999999999996,"long_int","2008-07-04-N-031",437813.3128,6486804.746,"15:46:57",2,2735.24834,-2.999469212,"BL-Blowing"
"4",687.843392806136,NA,134.999999999999,"long_int","2008-07-07-K-062",428352.0769,6506297.287,"8:11:05",1,1793.043126,-49.4645671,"BL-Blowing"
"5",1789.45458760199,0.0109961189539129,196.000000000005,"long_int","2008-07-07-K-069",423586.7302,6509921.066,"14:24:35",3,3489.25946,53.28073636,"BL-Blowing"
"6",261.221997463916,0.112026691374259,29.9999999999983,"short_int","2008-07-13-K-038",438853.2058,6484043.37,"6:42:02",3,321.1669187,115.9652184,"BL-Blowing"
"7",32.6206709758813,NA,29.0000000000013,"short_int","2008-07-16-K-003",482424.4343,6451049.696,"4:49:08",1,1986.768826,-23.5498962,"BL-Blowing"
"8",1594.62404193569,NA,135.999999999999,"long_int","2008-07-19-N-005",439500.8865,6490626.671,"6:49:11",1,3636.768612,16.79214572,"BL-Blowing"
"9",247.701286932746,0.943390679876063,454.000000000001,"long_int","2008-07-28-K-047",439785.6935,6475327.836,"16:02:12",4,3504.770135,100.8777528,"BL-Blowing"
"10",198.27464978343,NA,134.999999999992,"long_int","2008-07-28-K-057",440158.1332,6469000.256,"16:33:12",1,785.0602028,7.785576418,"BL-Blowing"
"11",1036.80384241042,NA,269,"long_int","2008-08-01-N-029",438132.313,6491823.568,"15:25:33",1,4563.922402,-11.1361354,"BL-Blowing"
"12",631.260100418478,2.33871939840302,151.000000000001,"long_int","2008-08-01-N-029",437566.0802,6492692.097,"15:30:02",2,1364.200734,10.73967235,"DF-Dive-fluke-up"
"13",472.820867510613,0.409572893443547,122,"long_int","2008-08-02-N-006",438797.5707,6491687.813,"7:04:04",2,716.8427372,30.18579281,"BL-Blowing"
"14",263.019017900703,0.0894795448113377,22.0000000000034,"short_int","2008-08-06-K-040",430221.8444,6505695.894,"14:46:46",2,1068.319566,161.1806704,"BL-Blowing"
"15",314.492915266713,NA,27.000000000001,"short_int","2008-08-06-K-068",441616.1713,6472290.911,"16:15:02",1,1501.396673,88.0059037,"BL-Blowing"
"16",121.037982406314,NA,130.999999999998,"long_int","2008-08-11-K-004",451058.5134,6461463.093,"5:41:22",1,4987.637921,-28.95799965,"BL-Blowing"
"17",2281.75423338289,-2.3996932403292,333.000000000001,"long_int","2008-08-11-K-004",450938.8894,6461481.54,"5:43:33",2,4488.314749,-33.05349526,"DN-Dive-no-fluke"
"18",55.2907010182651,NA,22.0000000000002,"short_int","2008-08-11-K-025",440132.4265,6479614.399,"7:06:57",1,504.3487445,-12.48720379,"BL-Blowing"
"19",73.5350537973926,0.0660740429463742,28.9999999999981,"short_int","2008-08-11-K-025",440181.6962,6479639.49,"7:07:19",2,338.0359265,-10.08626082,"BL-Blowing"
"20",131.077780306237,1.22268173021928,12.0000000000019,"short_int","2008-08-25-K-053",438885.0395,6482659.492,"16:25:57",3,884.7389545,1.730297302,"BL-Blowing"
"21",2239.7969340841,NA,178.000000000002,"long_int","2008-08-27-N-027",436950.3507,6488771.252,"15:28:09",1,1369.633535,75.03620995,"BL-Blowing"
"22",441.72715935205,-2.31729630910259,149.000000000001,"long_int","2008-08-27-N-027",438453.1825,6487110.473,"15:31:07",2,808.2533524,-13.09622902,"DF-Dive-fluke-up"
"23",675.092035946521,NA,528.999999999996,"long_int","2008-09-12-N-045",438465.4291,6494724.952,"15:52:26",1,4563.977268,14.99624648,"BL-Blowing"
"24",2331.00948338418,NA,248,"long_int","2008-09-15-K-006",437467.5057,6485497.451,"7:15:33",1,4984.6741,-4.051152507,"BL-Blowing"
"25",231.150687124497,2.26236453652328,176.000000000002,"long_int","2008-09-15-K-006",438556.1973,6483436.297,"7:19:41",2,1190.575733,-7.618061144,"DF-Dive-fluke-up"
"26",399.345869218808,NA,137.999999999999,"long_int","2009-05-18-K-013",452140.1527,6463533.284,"6:08:37",1,984.5571645,6.949980183,"BL-Blowing"
"27",590.939462541873,0.124305068607593,173.000000000001,"long_int","2009-05-18-K-016",443398.0302,6469515.929,"6:38:28",2,1988.450074,-34.08562999,"BL-Blowing"
"28",15.3335791224403,-0.503616404390804,18.0000000000092,"short_int","2009-05-18-K-077",441126.2874,6469222.016,"16:59:43",2,282.5782052,-52.21120219,"BL-Blowing"
"29",862.054093592704,NA,313.000000000001,"long_int","2009-05-24-K-069",442680.3662,6472576.959,"16:09:25",1,4992.590997,9.337223942,"BL-Blowing"
"30",547.729172455806,0.519490220712076,246.999999999997,"long_int","2009-05-24-K-069",443096.6388,6473331.846,"16:14:38",2,2992.290951,3.696567568,"DF-Dive-fluke-up"
"31",34.3527376657529,-2.12549322460298,16.0000000000025,"short_int","2009-05-24-K-069",443088.125,6473879.509,"16:18:45",3,536.3610851,9.176651727,"BL-Blowing"
"32",103.315420925098,NA,28.9999999999949,"short_int","2009-05-27-K-074",441700.8544,6475090.227,"16:32:53",1,985.1106786,42.32407971,"BL-Blowing"
"33",189.523585595304,NA,143,"long_int","2009-06-28-K-053",419735.0023,6513983.743,"14:59:03",1,2495.658108,43.56502182,"BL-Blowing"
"34",464.747305458617,NA,265,"long_int","2009-06-28-K-054",419875.6898,6515030.727,"15:00:01",1,1195.738382,44.79035031,"BL-Blowing"
"35",684.368405735482,NA,208.000000000001,"long_int","2009-06-29-N-021",421837.2208,6513238.704,"12:09:43",1,2969.373687,-21.79873779,"BL-Blowing"
"36",143.456866981439,NA,28.9999999999981,"short_int","2009-07-01-K-027",443794.8697,6469043.829,"6:31:08",1,485.3398535,-9.34512828,"BL-Blowing"
"37",30.1068261273645,-0.42621764580531,24.0000000000006,"short_int","2009-07-01-K-027",443771.5694,6469185.381,"6:31:37",2,440.3536238,-12.30368022,"BL-Blowing"
"38",14.8538545714868,0.718478727994767,22.0000000000002,"short_int","2009-07-01-K-027",443779.3987,6469214.452,"6:32:01",3,304.5547978,-20.83789517,"BL-Blowing"
"39",884.26558116576,NA,325.000000000003,"long_int","2009-07-01-K-096",441976.893,6475880.15,"16:27:03",1,2994.317361,59.15110931,"BL-Blowing"
"40",252.532463539448,NA,124.999999999997,"long_int","2009-07-01-N-025",427933.0126,6510306.358,"11:36:08",1,1486.188169,17.47291689,"BL-Blowing"
"41",52.9625737857049,-0.427741306080341,28.9999999999949,"short_int","2009-07-01-N-025",427470.2645,6510285.804,"11:39:52",4,197.8351044,20.0505652,"BL-Blowing"
"42",879.830152068771,NA,268.999999999994,"long_int","2009-07-01-N-065",430418.3254,6507672.816,"18:52:46",1,3985.031706,-16.90221502,"BL-Blowing"
"43",609.665485465627,NA,151.000000000008,"long_int","2009-07-06-K-045",419839.6037,6460687.506,"18:25:09",1,2485.122205,-7.19566346,"BL-Blowing"
"44",479.512994326754,-0.223465288380775,134.000000000002,"long_int","2009-07-06-K-058",412248.9986,6453775.839,"18:52:49",2,1987.087602,-25.63481224,"BL-Blowing"
"45",428.501797380222,NA,126.000000000001,"long_int","2009-07-15-K-062",440706.2148,6473553.779,"16:21:09",1,2988.36875,28.70921874,"BL-Blowing"
"46",384.886722866489,1.11510997960836,136.999999999999,"long_int","2009-07-15-K-062",441131.8101,6473603.603,"16:23:15",2,1988.802973,31.67569173,"BL-Blowing"
"47",1753.22700692964,NA,187,"long_int","2009-07-15-K-076",436683.6523,6467498.007,"16:42:09",1,3990.816154,42.76593581,"BL-Blowing"
"48",502.422327711726,NA,134.999999999992,"long_int","2009-07-15-K-084",420933.8931,6461884.896,"17:17:15",1,2985.965854,6.294106516,"BL-Blowing"
"49",141.262494919707,-0.485192415249399,19.9999999999967,"short_int","2009-07-18-N-020",409821.8331,6524574.097,"13:42:18",2,484.7123752,-14.84796126,"BL-Blowing"
"50",668.355975835178,NA,155.000000000002,"long_int","2009-07-19-N-017",426967.1121,6508562.399,"7:30:40",1,4992.320586,-20.89146603,"BL-Blowing"
"51",3454.68665945219,NA,140.000000000003,"long_int","2009-07-20-N-002",441671.8347,6480714.593,"10:51:44",1,3014.828386,128.756132,"BL-Blowing"
"52",689.839398742038,NA,159.999999999999,"long_int","2009-07-25-N-038",423016.5313,6514262.595,"14:15:46",1,2984.822704,-8.194459601,"BL-Blowing"
"53",290.514459119173,2.29719139469843,29.0000000000013,"short_int","2009-07-25-N-038",422353.6535,6514229.501,"14:19:13",3,441.1318578,8.349846828,"BL-Blowing"
"54",587.536276178551,-2.94921080511294,24.0000000000038,"short_int","2009-07-29-K-021",416580.6882,6518616.375,"14:22:26",2,1785.498376,8.127789157,"BL-Blowing"
"55",62.9254520522221,-0.194415854929872,28.0000000000012,"short_int","2009-08-03-K-007",450240.8814,6464147.714,"6:11:35",4,685.0203347,-33.43525047,"BL-Blowing"
"56",219.726914102913,-2.74310242324801,143.000000000006,"long_int","2009-08-09-K-081",441994.6761,6467465.281,"16:48:25",2,792.8107548,15.12826423,"BL-Blowing"
"57",1856.65818565988,NA,295.999999999995,"long_int","2009-08-12-K-062",440200.2584,6476445.994,"16:20:02",1,2493.147555,69.97909693,"BL-Blowing"
"58",254.85169281199,NA,271.999999999991,"long_int","2009-08-12-N-057",438720.7605,6492758.112,"19:12:21",1,3484.877641,-2.959383911,"BL-Blowing"
"59",2081.99887245962,NA,168.000000000001,"long_int","2009-08-14-N-022",428256.323,6511876.375,"7:11:36",1,4988.028986,21.17724008,"BL-Blowing"
"60",81.4147257297149,2.6590037482157,25.0000000000007,"short_int","2009-08-19-K-010",447824.4184,6464281.948,"6:20:09",2,886.3328745,-12.50223471,"BL-Blowing"
"61",846.248025581209,NA,231.999999999998,"long_int","2009-08-26-K-028",437345.0194,6487904.757,"7:21:12",1,1985.808793,-19.78651808,"BL-Blowing"
"62",694.89759890034,NA,172.999999999992,"long_int","2009-08-31-N-039",436347.0073,6497736.12,"18:54:10",1,2968.064689,4.163086062,"BL-Blowing"
"63",1420.89515214369,NA,135.000000000005,"long_int","2009-09-09-N-066",437449.2087,6485989.333,"15:46:06",1,2987.382953,15.15195632,"BL-Blowing"
"64",191.18033399496,-2.31156966350659,26.9999999999978,"short_int","2009-09-13-K-003",438694.1478,6482758.513,"6:43:45",2,793.014067,-14.51126562,"BL-Blowing"
"65",12.6103892740313,-1.54487688289314,18.9999999999998,"short_int","2009-09-13-K-003",438795.9605,6482596.698,"6:44:12",3,399.6414662,-23.193913,"BL-Blowing"
"66",9.66917443253597,1.44861845301601,18.0000000000028,"short_int","2009-09-13-K-003",438785.4647,6482589.708,"6:44:31",4,276.1702604,-38.25073393,"BL-Blowing"
"67",41.3926435162568,2.45229522586723,16.9999999999995,"short_int","2009-09-13-K-003",438789.8036,6482581.067,"6:44:49",5,182.2281116,-69.8757297,"BL-Blowing"
"68",254.659542815903,NA,195.999999999999,"long_int","2009-09-14-N-007",424640.4411,6512803.042,"8:25:33",1,4984.762741,-6.561681075,"BL-Blowing"
"69",253.941052067312,0.0937476400038136,27.999999999998,"short_int","2009-09-14-N-007",425063.4762,6512288.446,"8:29:54",3,1984.713966,-2.60814015,"BL-Blowing"
"70",461.379926352154,-0.622052806191496,134.999999999999,"long_int","2009-09-20-K-007",438832.4995,6482487.409,"7:05:14",3,965.2516655,-4.806618888,"BL-Blowing"
"71",756.537868212491,NA,373.000000000001,"long_int","2009-09-21-N-010",436681.7688,6496355.785,"7:52:05",1,4485.3669,-20.25799812,"BL-Blowing"
"72",19.6087676080157,NA,21.0000000000001,"short_int","2009-09-28-K-016",438028.3464,6484067.195,"7:26:33",1,825.5613292,-37.55277002,"BL-Blowing"
"73",125.221209584786,0.12049627605782,24.0000000000006,"short_int","2009-09-28-K-016",438043.5911,6484054.862,"7:26:54",2,708.3131549,-43.03121074,"BL-Blowing"
"74",585.893146420509,NA,649.999999999999,"long_int","2009-09-28-K-080",437968.1951,6487861.044,"15:51:19",1,4984.898982,2.933094515,"BL-Blowing"
"75",438.021261050647,NA,147.000000000001,"long_int","2010-05-17-N-009",424391.1371,6509676.082,"11:50:32",1,4971.183955,-30.1650229,"BL-Blowing"
"76",697.401167438698,-2.80411734607513,178.999999999999,"long_int","2010-05-30-N-048",438610.4693,6493600.877,"15:32:08",2,1292.090687,0.04434347,"DN-Dive-no-fluke"
"77",527.479814415338,NA,250.999999999998,"long_int","2010-05-31-N-064",437754.584,6486655.005,"15:48:59",1,2485.162213,10.08355788,"BL-Blowing"
"78",548.099195682772,NA,171.000000000004,"long_int","2010-06-04-N-013",414273.2619,6521419.444,"8:21:17",1,4986.617685,5.024965241,"BL-Blowing"
"79",548.48542013663,0.268582117937044,152.999999999995,"long_int","2010-06-04-N-013",414536.2913,6520938.582,"8:24:08",2,2986.603791,5.041683508,"BL-Blowing"
"80",2868.64829220887,NA,211.999999999998,"long_int","2010-06-09-N-011",438229.246,6493574.104,"7:18:09",1,4986.6776,0.01148977,"BL-Blowing"
"81",917.979428904483,2.3101289951526,13.000000000002,"short_int","2010-06-09-N-011",437516.2145,6490795.484,"7:21:41",2,810.0756903,-58.9619867,"BL-Blowing"
"82",66.7654139296441,-2.026832766782,18.9999999999998,"short_int","2010-06-09-N-058",439094.8631,6498644.828,"15:09:58",2,286.7193965,10.65832753,"BL-Blowing"
"83",41.0675705642941,2.44478268222658,14.0000000000022,"short_int","2010-06-09-N-058",439040.5277,6498683.626,"15:10:17",3,102.7542523,106.2317318,"BL-Blowing"
"84",1160.91688611093,NA,233.999999999992,"long_int","2010-06-14-N-053",438645.0683,6485678.757,"18:51:22",1,4967.810655,-5.009287967,"BL-Blowing"
"85",453.685206084175,0.701730071741435,139.000000000006,"long_int","2010-06-14-N-053",437924.1529,6486588.707,"18:55:16",2,1968.109166,5.139449652,"DN-Dive-no-fluke"
"86",72.9166054179125,0.748028036142111,23.0000000000004,"short_int","2010-07-19-K-018",448760.2076,6464410.517,"6:11:21",4,384.5238523,0.298010318,"BL-Blowing"
"87",78.8408176395936,0.260535630679775,26.9999999999978,"short_int","2010-07-19-K-018",448698.9218,6464371.009,"6:11:44",5,318.3473341,-10.12055653,"BL-Blowing"
"88",1183.40788904655,-1.09533719274655,146,"long_int","2010-07-19-K-018",448645.8971,6464312.663,"6:12:11",6,246.4748834,-31.36419779,"BL-Blowing"
"89",663.864484009445,NA,177.999999999999,"long_int","2010-07-19-K-037",443728.7059,6468505.296,"6:28:03",1,1984.745048,-15.05779962,"BL-Blowing"
"90",25.7924261662009,-0.530165008999644,27.000000000001,"short_int","2010-07-19-K-037",444115.2261,6467965.557,"6:31:01",2,580.5630064,-56.11565845,"BL-Blowing"
"91",174.427420183924,NA,423.999999999999,"long_int","2010-07-19-K-044",442824.4057,6475058.113,"6:51:29",1,1989.095371,-52.61088223,"BL-Blowing"
"92",355.139589641298,-2.97436474962261,154.999999999995,"long_int","2010-07-19-K-082",440777.8042,6478438.137,"16:31:37",4,829.8969374,55.93886116,"DN-Dive-no-fluke"
"93",30.0512435081845,2.50014699641801,26.0000000000009,"short_int","2010-07-25-K-018",444022.7569,6470267.82,"6:36:28",2,363.4496702,-35.96450348,"BL-Blowing"
"94",70.2777821878007,NA,29.9999999999983,"short_int","2010-07-25-K-086",471242.6619,6452505.648,"18:01:09",1,975.6059979,40.20484993,"BL-Blowing"
"95",200.234479997384,NA,132.999999999998,"long_int","2010-08-02-K-048",438295.4453,6481693.807,"16:17:13",1,3984.772377,0.028757368,"BL-Blowing"
"96",721.471257893381,1.70420945524519,146.999999999994,"long_int","2010-08-02-K-048",438963.7942,6481872.207,"16:22:07",4,1985.327318,10.13301604,"BL-Blowing"
"97",126.19588754382,1.72659837262705,19.0000000000126,"short_int","2010-08-02-K-048",439255.568,6482532.047,"16:24:34",5,584.854522,-20.32518189,"BL-Blowing"
"98",840.248250269388,2.34471265935828,149.000000000001,"long_int","2010-08-02-K-054",441159.2732,6476022.747,"16:37:24",2,2991.752156,50.24761585,"BL-Blowing"
"99",1078.3753417437,-3.05968255715609,290.999999999991,"long_int","2010-08-02-K-054",441707.4465,6476659.554,"16:39:53",3,1987.802069,30.26898508,"BL-Blowing"
"100",873.128483375305,NA,155.000000000008,"long_int","2010-08-02-K-057",440001.3075,6475357.194,"16:43:58",1,2987.043213,25.15798644,"BL-Blowing"
"101",191.869580780348,-0.478977467572277,195.999999999992,"long_int","2010-08-02-K-057",440800.443,6475708.955,"16:46:33",2,1787.798269,30.29907712,"DN-Dive-no-fluke"
"102",279.260563483731,NA,136.999999999999,"long_int","2010-08-02-K-071",441188.9963,6469700.325,"17:04:41",1,1986.357073,20.20416552,"BL-Blowing"
"103",565.895946665126,-2.99501620759947,125.00000000001,"long_int","2010-08-02-K-071",440961.6625,6469574.899,"17:08:18",3,985.7405126,15.34095521,"BL-Blowing"
"104",1392.20489657922,NA,231.999999999998,"long_int","2010-08-12-N-010",431577.1966,6505086.143,"7:01:30",1,4988.375938,-0.034457577,"BL-Blowing"
"105",246.050299768595,-2.74077160744585,127.000000000001,"long_int","2010-08-12-N-010",432377.1908,6503946.738,"7:05:22",2,1488.627766,-5.153940393,"BL-Blowing"
"106",8.92917868784621,-0.734413622551638,24.0000000000006,"short_int","2010-08-12-N-010",432168.4404,6504076.984,"7:07:29",3,589.9565919,-20.65911128,"BL-Blowing"
"107",529.959252026686,NA,158.999999999996,"long_int","2010-08-13-N-035",423789.8356,6512972.575,"14:04:16",1,2485.458172,0.046104808,"BL-Blowing"
"108",409.324804773035,NA,178.999999999999,"long_int","2010-08-15-K-062",438285.7585,6482813.332,"16:25:22",1,992.1091078,30.12549115,"BL-Blowing"
"109",870.699185129942,NA,123.999999999994,"long_int","2010-08-15-K-085",507883.5547,6419768.064,"19:46:10",1,1992.669867,40.10029383,"BL-Blowing"
"110",270.092364779037,NA,160.999999999996,"long_int","2010-08-18-N-032",438791.1437,6484669.964,"15:25:53",1,1985.874074,-15.07891472,"BL-Blowing"
"111",568.632742561478,NA,228.000000000004,"long_int","2010-09-20-N-012",412285.5151,6525838.446,"8:51:46",1,1983.744757,0.057765284,"BL-Blowing"
"112",766.121515924178,2.54808452799761,190.000000000004,"long_int","2011-06-19-N-033",439315.2638,6487296.303,"15:32:26",2,2090.975858,-20.03106811,"DF-Dive-fluke-up"
"113",204.48697439557,NA,123,"long_int","2011-06-26-N-002",437822.5295,6487722.545,"7:24:31",1,1491.588839,-10.13442326,"BL-Blowing"
"114",17.1562248176765,-0.950935504601666,16.9999999999995,"short_int","2011-06-26-N-002",437824.9201,6487518.072,"7:26:34",3,450.3098984,-40.91551044,"BL-Blowing"
"115",480.710157575269,NA,145,"long_int","2011-07-08-N-054",437896.8778,6492037.817,"18:14:34",1,2485.267809,5.099038913,"BL-Blowing"
"116",159.921353912503,NA,26.0000000000009,"short_int","2011-07-10-N-011",437817.0217,6485972.851,"7:15:04",1,790.8881386,-4.911287808,"BL-Blowing"
"117",72.493470078359,-1.29468290480072,29.9999999999983,"short_int","2011-07-10-N-011",437828.1313,6486132.386,"7:15:30",2,728.0168714,0.157402538,"BL-Blowing"
"118",90.2445041664043,NA,29.0000000000013,"short_int","2011-07-10-N-018",437382.6402,6489076.416,"7:22:28",1,628.1336778,-55.55365052,"BL-Blowing"
"119",490.855937881751,NA,336.000000000001,"long_int","2011-07-17-N-002",439032.6162,6482144.555,"6:57:56",1,2391.619698,10.08383613,"BL-Blowing"
"120",148.794223096455,0.0125954278637566,143,"long_int","2011-07-17-N-002",439379.2452,6482574.651,"7:04:22",3,991.547702,10.20221364,"DF-Dive-fluke-up"
"121",1466.44974849693,NA,288.000000000007,"long_int","2011-07-22-N-035",426978.0148,6509921.918,"16:58:28",1,4485.722023,10.07100656,"BL-Blowing"
"122",50.8476885244638,-0.472834271863817,28.0000000000044,"short_int","2011-07-22-N-046",438574.1317,6484839.028,"18:18:05",2,346.167053,-30.81136818,"BL-Blowing"
"123",2025.76058290025,NA,356.999999999998,"long_int","2011-08-03-N-003",437293.9018,6486896.677,"6:38:51",1,4984.561453,-4.992426101,"BL-Blowing"
"124",544.676186601076,0.184938076239949,200.000000000003,"long_int","2011-08-03-N-003",438647.8543,6485389.853,"6:44:48",2,1485.675654,15.22721998,"BL-Blowing"
"125",32.5490892685147,NA,27.999999999998,"short_int","2011-08-03-N-024",436399.9898,6506439.895,"14:09:29",1,892.6453848,-30.37985521,"BL-Blowing"
"126",702.019674850809,NA,163,"long_int","2011-08-24-N-002",438084.4103,6482309.071,"6:40:11",1,3984.672377,0.028758089,"BL-Blowing"
"127",638.932472414058,-0.170874342119707,163,"long_int","2011-08-24-N-002",438661.6515,6481909.541,"6:42:54",2,1984.644757,0.057739088,"BL-Blowing"
"128",648.409678989836,1.50572138188171,138.999999999999,"long_int","2011-08-24-N-004",438473.4472,6482681.829,"6:44:23",2,1984.879068,5.09600511,"DF-Dive-fluke-up"
"129",2188.56252072522,0.371408942766377,360.999999999996,"long_int","2011-09-02-N-005",410423.471,6524544.417,"8:36:18",2,1986.019363,10.12946291,"DF-Dive-fluke-up"
"130",742.666024795117,NA,159.999999999999,"long_int","2012-05-13-N-010",427419.6987,6510909.3,"7:59:01",1,2991.629985,10.06702169,"BL-Blowing"
"131",551.926049760079,2.53165550200832,194.999999999999,"long_int","2012-05-27-N-004",438019.7729,6487091.173,"6:57:45",2,1591.110252,0.072019892,"DN-Dive-no-fluke"
"132",41.2230255683065,0.338562554648128,27.999999999998,"short_int","2012-05-27-N-004",438351.4364,6487587.02,"7:02:49",4,332.0521037,61.48922453,"BL-Blowing"
"133",1304.16810699509,NA,120.999999999997,"long_int","2012-06-04-N-033",432891.7,6502292.408,"18:06:29",1,3968.330008,5.097927229,"BL-Blowing"
"134",1218.45423642962,2.09404904780827,326.999999999997,"long_int","2012-06-04-N-033",432703.358,6503561.276,"18:09:11",3,1767.590362,-10.05299388,"DF-Dive-fluke-up"
"135",70.3702161228046,-0.550946320955504,28.9999999999949,"short_int","2012-06-04-N-033",433726.9543,6502900.306,"18:14:38",4,974.489774,-46.16833333,"BL-Blowing"
"136",1572.65730158481,NA,322.999999999999,"long_int","2012-07-20-N-002",437382.9071,6488900.799,"7:22:14",1,4985.359603,4.991625983,"BL-Blowing"
"137",553.753639892842,2.27435923340302,218.999999999999,"long_int","2012-08-26-N-024",439734.2036,6493224.05,"15:42:28",2,3991.017,-4.982420172,"DF-Dive-fluke-up"
"138",153.1670444575,-1.39534238628763,20.9999999999937,"short_int","2012-09-11-N-022",433693.6521,6508955.481,"18:12:28",2,634.7260903,15.55287796,"BL-Blowing"
"139",227.91865057084,NA,276.999999999995,"long_int","2013-05-14-N-019",438671.0804,6484940.142,"16:54:49",1,3985.552049,-4.989274705,"BL-Blowing"
"140",324.659187795892,NA,129.999999999998,"long_int","2013-06-03-N-003",410018.0451,6525168.243,"7:45:48",1,3969.064431,0.057742362,"BL-Blowing"
"141",396.915120646784,-0.392646635203071,136.000000000002,"long_int","2013-06-03-N-003",409778.4848,6525387.365,"7:47:58",2,2969.052581,0.07719068,"BL-Blowing"
"142",708.352594966914,0.62184246627004,139.999999999999,"long_int","2013-06-03-N-003",409558.1885,6525854.495,"7:51:18",4,1471.135757,15.46195923,"BL-Blowing"
"143",449.083076408235,NA,142,"long_int","2013-06-04-S-016",438937.2782,6478343.25,"7:08:50",1,2988.759287,-40.15536544,"BL-Blowing"
"144",134.253976689835,-2.35389448524862,29.9999999999983,"short_int","2013-06-04-S-016",438906.9367,6478576.259,"7:13:24",4,1997.791509,-85.39177532,"BL-Blowing"
"145",64.390859297087,1.66552924046267,22.0000000000034,"short_int","2013-06-07-N-004",421151.6092,6516115.967,"8:42:10",2,1027.379312,30.50092517,"BL-Blowing"
"146",28.0842172635998,-2.88437309535462,23.0000000000004,"short_int","2013-06-17-N-005",437608.5797,6485208.843,"9:40:18",3,769.3825863,-51.63996557,"BL-Blowing"
"147",622.5929114557,NA,169.000000000004,"long_int","2013-06-18-N-002",437865.7555,6486297.418,"10:15:51",1,3283.766518,0.034896381,"BL-Blowing"
"148",384.976747429464,2.56109615933239,23.9999999999974,"short_int","2013-06-18-N-002",437385.6587,6485901.023,"10:18:40",2,1984.040067,-20.10573351,"BL-Blowing"
"149",667.042050821153,1.66900462703046,140.000000000003,"long_int","2013-06-18-N-002",437768.3216,6485943.168,"10:19:04",3,1683.632852,-10.02870467,"DF-Dive-fluke-up"
"150",297.209308076963,NA,341.000000000005,"long_int","2013-06-18-N-029",439084.4621,6483617.856,"18:52:56",1,3483.802954,-15.03718544,"BL-Blowing"
"151",537.868013546348,1.82718259783056,173.999999999995,"long_int","2013-06-18-N-029",438789.9587,6483657.87,"18:58:37",2,1183.707936,0.096807337,"BL-Blowing"
"152",1696.9847025312,NA,233.000000000001,"long_int","2013-06-26-N-046",438604.8745,6485537.136,"14:01:06",1,3967.242005,-4.983359427,"BL-Blowing"
"153",72.4363020664846,0.676818638947511,16.0000000000025,"short_int","2013-06-26-N-046",438273.2034,6487201.393,"14:04:59",2,711.33267,0.322190074,"BL-Blowing"
"154",58.8311289005853,0.143706696091785,15.9999999999961,"short_int","2013-06-26-N-046",438181.194,6487321.519,"14:05:46",4,307.4945414,17.28788159,"BL-Blowing"
"155",34.0854290985505,-1.25155519782883,12.0000000000019,"short_int","2013-06-26-N-046",438147.7914,6487369.948,"14:06:02",5,192.3090555,41.54433355,"BL-Blowing"
"156",87.7629810216165,NA,24.0000000000006,"short_int","2013-06-28-N-014",437589.2875,6490354.505,"7:46:29",1,1083.996845,-20.19352435,"BL-Blowing"
"157",20.7796877442563,2.89937429488665,16.9999999999995,"short_int","2013-06-28-N-014",437636.6234,6490428.408,"7:46:53",2,972.9860703,-20.2156042,"BL-Blowing"
"158",25.7572984803524,2.94558378650946,4.00000000000063,"short_int","2013-07-07-S-011",444450.1703,6475363.921,"5:56:40",2,160.4244753,0.357153424,"DF-Dive-fluke-up"
"159",400.93927595085,NA,600.000000000001,"long_int","2013-07-12-N-003",438541.0719,6484883.903,"7:16:22",1,3983.659252,-4.991651326,"BL-Blowing"
"160",228.612492218862,NA,131.000000000004,"long_int","2013-07-12-N-030",420651.124,6516408.7,"14:41:39",1,1984.342924,10.13809594,"BL-Blowing"
"161",11.0366836503378,0.683536745689039,25.0000000000007,"short_int","2013-07-12-N-038",438726.1785,6487889.641,"15:56:48",3,805.964383,-20.26028459,"BL-Blowing"
"162",178.824503167824,-1.58500914330883,21.0000000000001,"short_int","2013-07-14-N-036",438045.1294,6484765.208,"13:48:22",3,630.5515831,47.30727227,"BL-Blowing"
"163",544.106684478405,1.13328606837551,275.999999999998,"long_int","2013-07-14-N-040",439916.543,6481226.718,"13:54:24",2,2967.840358,-10.03089169,"DF-Dive-fluke-up"
"164",848.344614078649,NA,280.000000000002,"long_int","2013-07-14-S-034",429443.1592,6504667.996,"7:28:33",1,2993.431642,-20.06584065,"BL-Blowing"
"165",287.758663299593,-0.243998538324267,120.000000000006,"long_int","2013-07-15-N-045",438801.6114,6483455.975,"18:34:38",3,1067.738166,0.214644059,"DN-Dive-no-fluke"
"166",60.1810270703097,-1.32907074494354,28.0000000000044,"short_int","2013-07-15-N-045",438925.0233,6483138.257,"18:37:22",5,598.8621352,10.91022121,"BL-Blowing"
"167",34.1190277827052,NA,18.9999999999998,"short_int","2013-07-17-N-004",438823.4037,6482173.142,"9:25:07",1,554.2871143,-40.90477097,"BL-Blowing"
"168",59.0666356668097,NA,249.000000000004,"long_int","2013-07-17-N-040",439462.3082,6482705.277,"20:03:17",1,1983.827881,-10.02335801,"BL-Blowing"
"169",88.5591943175287,-1.88884875826886,28.0000000000044,"short_int","2013-07-17-N-040",439428.1881,6482657.062,"20:07:26",2,1183.916167,-15.10691716,"BL-Blowing"
"170",1543.62634704879,NA,437.999999999998,"long_int","2013-07-17-S-069",437929.8908,6465208.308,"16:34:05",1,2986.547715,-10.06486614,"BL-Blowing"
"171",901.295626116164,0.387493261577119,257.999999999996,"long_int","2013-07-17-S-069",436605.3671,6464415.579,"16:41:23",2,1988.507764,-30.22376659,"BL-Blowing"
"172",84.8382489308131,0.979887445464117,13.9999999999958,"short_int","2013-07-21-S-007",435536.8246,6499921.238,"13:44:11",2,495.3137349,45.67973319,"BL-Blowing"
"173",55.0287939995343,NA,29.9999999999983,"short_int","2013-07-22-N-028",437848.6631,6487604.883,"14:21:56",1,987.1481453,25.47315509,"BL-Blowing"
"174",191.609677458574,NA,23.0000000000004,"short_int","2013-07-30-S-028",421276.2157,6512985.843,"15:40:24",1,1992.190162,50.31150836,"BL-Blowing"
"175",53.2107171253368,NA,17.9999999999964,"short_int","2013-08-11-S-023",434674.4378,6500461.536,"13:48:09",1,1192.572614,15.0444906,"BL-Blowing"
"176",51.5977452616834,0.764447205422075,23.0000000000004,"short_int","2013-08-11-S-023",434626.7588,6500485.16,"13:48:27",2,992.6604399,20.09006972,"BL-Blowing"
"177",18.7593730654763,2.76038692859686,25.0000000000007,"short_int","2013-08-11-S-023",434577.5335,6500469.694,"13:48:50",3,793.012236,30.2015061,"BL-Blowing"
"178",49.9891436939402,0.652429405090814,29.0000000000013,"short_int","2013-08-11-S-040",438084.2901,6481252.736,"14:30:41",2,2094.066979,45.12208063,"BL-Blowing"
"179",159.711084687078,NA,22.0000000000098,"short_int","2013-08-11-S-051",463720.9296,6457564.827,"16:05:57",1,742.4579213,4.97228917,"BL-Blowing"
"180",68.5974399466304,0.194380922808819,25.9999999999977,"short_int","2013-08-11-S-051",463763.9783,6457718.627,"16:06:19",2,492.7205827,-10.26212669,"BL-Blowing"
"181",473.21282475442,NA,269.000000000007,"long_int","2013-08-12-N-024",437172.1885,6485027.011,"18:50:19",1,3969.238035,15.17868845,"BL-Blowing"
"182",267.985927717694,-2.12389297033627,188.999999999994,"long_int","2013-08-12-N-024",436879.5579,6485398.895,"18:54:48",2,1977.441349,40.7015499,"DF-Dive-fluke-up"
"183",68.6951424440626,NA,29.9999999999983,"short_int","2013-08-15-N-038",436897.2719,6498102.013,"13:11:13",1,948.7686866,-9.894241776,"BL-Blowing"
"184",86.5317494289148,-0.948052866614725,24.9999999999943,"short_int","2013-08-20-N-026",433272.9242,6505983.515,"18:35:37",3,586.290939,-30.53925423,"BL-Blowing"
"185",286.574618293678,0.772367431749844,158.000000000006,"long_int","2013-09-08-N-031",430732.0511,6505940.405,"18:22:29",3,1983.744757,0.057765284,"DF-Dive-fluke-up"
"186",35.7159233353259,-1.25578560377062,20.0000000000031,"short_int","2013-09-08-N-031",430778.799,6506223.141,"18:25:07",4,501.4823004,-10.0963706,"BL-Blowing"
"187",46.7643020129672,-0.433287721325602,21.0000000000001,"short_int","2013-09-24-N-032",409978.7985,6523301.782,"15:53:47",2,951.8177708,5.19495869,"BL-Blowing"
"188",38.1489755043585,3.12723953955766,23.0000000000004,"short_int","2013-09-24-N-032",410024.4811,6523311.782,"15:54:08",3,834.8024906,5.222286415,"DF-Dive-fluke-up"
"189",434.205488832592,NA,246,"long_int","2013-09-26-N-019",438873.4863,6500108.594,"14:59:13",1,3185.467321,0.035973236,"BL-Blowing"
"190",364.379793375398,-1.05097577321363,166,"long_int","2013-09-26-N-019",439283.5845,6500251.261,"15:03:19",2,1185.389016,-15.08801926,"BL-Blowing"
"191",1277.77284470643,NA,304,"long_int","2014-06-04-S-006",444631.9976,6469935.706,"5:41:33",1,3488.232722,30.16832947,"BL-Blowing"
"192",629.313531113109,2.78128401471473,318.000000000002,"long_int","2014-06-04-S-006",444840.7703,6471196.308,"5:46:37",2,2985.421159,10.10769019,"BL-Blowing"
"193",306.200103466701,-1.51942246014506,25.0000000000007,"short_int","2014-06-06-H-009",413433.5005,6521280.377,"13:59:48",3,586.3231931,0.09772052,"DN-Dive-no-fluke"
"194",180.782542126045,NA,2.00000000000671,"short_int","2014-06-10-H-007",418886.1026,6516963.964,"16:58:00",1,1686.438491,0.067948868,"BL-Blowing"
"195",284.406825941461,NA,155.000000000008,"long_int","2014-06-11-S-029",422164.5815,6462133.811,"16:13:01",1,5984.565196,4.993691678,"BL-Blowing"
"196",426.575753874303,-1.65090455575309,141,"long_int","2014-06-11-S-029",422160.4627,6461849.434,"16:15:36",2,4484.675446,-0.025551807,"BL-Blowing"
"197",348.506903268996,NA,122,"long_int","2014-06-29-S-006",445080.3676,6473362.444,"6:38:52",1,1192.257891,45.23141192,"BL-Blowing"
"198",434.068070058642,NA,483.999999999999,"long_int","2014-07-06-S-025",439968.8296,6473177.94,"16:00:52",1,4493.906604,35.08531454,"BL-Blowing"
"199",366.297717249721,-1.48140953032239,29.9999999999983,"short_int","2014-07-06-S-029",445760.8619,6470207.057,"16:20:09",2,2991.594865,-35.06540312,"BL-Blowing"
"200",589.187756384579,NA,127.000000000004,"long_int","2014-07-09-S-014",437156.0388,6489951.082,"14:37:18",1,3784.555602,10.0104038,"BL-Blowing"
"201",65.6032350319968,2.83046051140873,126.000000000001,"long_int","2014-07-09-S-014",437270.5421,6488930.15,"14:41:20",3,2584.897568,20.07433284,"BL-Blowing"
"202",1956.03281710578,NA,333.000000000004,"long_int","2014-07-09-S-027",424187.679,6460573.743,"16:04:48",1,5984.566434,10.00657922,"BL-Blowing"
"203",1479.88183791489,-0.348312731012648,284.999999999997,"long_int","2014-07-09-S-027",422302.9266,6460050.51,"16:10:21",2,4984.911142,-5.038227052,"BL-Blowing"
"204",595.51429658001,-0.129751140982846,144.00000000001,"long_int","2014-07-09-S-027",420827.4889,6460165.113,"16:15:06",4,3785.25296,-10.07002838,"BL-Blowing"
"205",461.634225866517,1.58609420790315,124.999999999997,"long_int","2014-07-09-S-027",420244.7207,6460287.663,"16:17:30",5,2985.245822,-10.08879509,"BL-Blowing"
"206",265.051877575899,NA,247.000000000003,"long_int","2014-07-16-S-018",441629.3429,6482865.803,"14:49:44",1,5490.588653,-45.12765422,"BL-Blowing"
"207",737.331812473354,-2.86168545062033,349.999999999997,"long_int","2014-07-16-S-018",441388.7567,6482754.579,"14:53:51",2,4487.734618,-30.11978255,"DF-Dive-fluke-up"
"208",634.158662818772,0.243673450000645,126.000000000001,"long_int","2014-08-03-S-027",504210.4237,6436014.244,"17:13:16",2,1490.890206,-9.983099188,"DF-Dive-fluke-up"
"209",1672.92873723488,3.05524159650592,123.000000000003,"long_int","2014-08-03-S-042",512867.4013,6385790.985,"18:44:17",3,1491.104935,0.07685012,"BL-Blowing"
"210",892.659078967256,NA,165.000000000003,"long_int","2014-08-15-H-010",435476.663,6500381.946,"15:28:41",1,1985.678867,5.093954569,"BL-Blowing"
"211",1246.20461448213,NA,147.999999999998,"long_int","2015-06-05-K-019",441271.4444,6498187.307,"16:25:30",1,4983.850302,-10.02101858,"BL-Blowing"
"212",1696.41089230055,-1.30085108014548,226.999999999994,"long_int","2015-06-05-K-019",442465.3775,6497830.166,"16:27:58",2,4984.414583,-20.05288883,"DF-Dive-fluke-up"
"213",1185.41964295983,NA,162,"long_int","2015-06-12-K-002",442158.8074,6493445.404,"7:19:53",1,6987.047118,30.08021563,"BL-Blowing"
"214",3799.75201294983,-2.49942087979842,311.000000000001,"long_int","2015-06-12-K-002",442966.8422,6492578.052,"7:22:35",2,5990.02396,45.12242158,"BL-Blowing"
"215",214.929143317977,-0.7376592240488,2.00000000000031,"short_int","2015-06-12-K-012",419542.7682,6519807.512,"8:46:47",2,2304.516352,20.18363166,"BL-Blowing"
"216",554.491583352735,NA,285.000000000003,"long_int","2015-06-19-K-034",416325.0952,6514237.707,"14:45:53",1,4675.129472,60.17358128,"BL-Blowing"
"217",593.560850812662,NA,290.999999999997,"long_int","2015-06-21-K-042",433141.0261,6497174.631,"13:48:17",1,5911.284492,40.06350852,"BL-Blowing"
"218",1177.33836221043,0.13807454927934,242.999999999996,"long_int","2015-06-21-K-042",440889.8085,6495705.744,"13:58:46",3,4492.047945,-25.01897977,"BL-Blowing"
"219",1458.30039776069,NA,199.000000000002,"long_int","2015-07-10-K-003",440571.7356,6491287.62,"7:17:58",1,4986.237717,25.09901349,"BL-Blowing"
"220",746.435109717965,2.63896473173634,195.999999999999,"long_int","2015-07-10-K-003",441972.2533,6490881.184,"7:21:17",2,4491.177847,50.17374199,"BL-Blowing"
"221",3801.50043371155,NA,307.999999999997,"long_int","2015-07-21-K-009",442762.1168,6492478.404,"10:54:40",1,4165.998539,75.20904501,"BL-Blowing"
"222",1528.04463630807,0.150180492129832,346.000000000003,"long_int","2015-07-21-K-009",442187.5306,6496236.23,"10:59:48",3,4296.680585,70.19958867,"BL-Blowing"
"223",526.268574952521,NA,340.999999999999,"long_int","2015-07-22-K-009",442834.8627,6494996.764,"7:41:00",1,4592.332081,50.15271147,"BL-Blowing"
"224",3212.60670192254,NA,726.999999999995,"long_int","2015-07-28-K-032",428009.7059,6509397.237,"17:03:18",1,2484.449643,10.10989745,"BL-Blowing"
"225",465.326998138755,NA,330.999999999997,"long_int","2015-08-14-K-049",425490.2092,6513147.05,"15:31:51",1,4984.777901,0.022988298,"BL-Blowing"
"226",1468.00764920254,NA,239.000000000002,"long_int","2015-08-19-K-009",429071.7251,6508308.956,"7:57:37",1,3985.672377,0.028750874,"BL-Blowing"
"227",399.713360268319,-1.5825470176258,181.999999999996,"long_int","2015-08-19-K-009",429694.9309,6506979.798,"8:01:36",2,1185.788426,-20.14551212,"BL-Blowing"
"228",2862.66322345758,NA,630.000000000003,"long_int","2015-08-25-K-016",420186.3637,6517949.485,"10:04:02",1,6284.47512,10.04344588,"BL-Blowing"
"229",962.497968086056,-2.99170549134345,192.999999999995,"long_int","2015-08-25-K-016",419208.8936,6520640.097,"10:14:32",2,4987.043176,30.11238535,"BL-Blowing"
"230",5830.18937387807,NA,940,"long_int","2015-08-25-K-017",418172.6249,6518308.643,"10:06:21",1,6983.883566,0.016408,"BL-Blowing"
"231",1303.30838253775,2.75154969327682,168.000000000001,"long_int","2015-08-25-K-017",413149.2263,6521267.794,"10:22:01",2,6283.778775,-10.0075326,"DN-Dive-no-fluke"
"232",1127.33008759556,0.390058205121596,184.000000000003,"long_int","2015-08-25-K-017",413936.3168,6520228.996,"10:24:49",3,3984.159298,-20.05216152,"BL-Blowing"
"233",2116.15406256221,NA,294.000000000001,"long_int","2015-08-29-K-019",439961.1898,6495228.066,"13:55:17",1,8989.4448,-4.999483354,"BL-Blowing"
"234",5081.60586551693,0.177968662721759,880.000000000003,"long_int","2015-08-29-K-019",440274.8655,6493135.289,"14:00:11",2,7989.491063,0.007171393,"BL-Blowing"
"235",178.11402813506,NA,172.999999999998,"long_int","2015-09-04-K-016",419475.6621,6519642.971,"8:52:06",1,3115.863271,0.036776828,"BL-Blowing"
"236",2703.08958743441,NA,916.999999999993,"long_int","2015-09-07-K-021",415389.7545,6517428.069,"16:49:58",1,7469.951706,15.08555388,"BL-Blowing"
"237",93.9848959579077,-1.96876811342661,27.000000000001,"short_int","2015-09-07-K-021",416804.2028,6515124.587,"17:05:15",2,3484.228734,55.45800687,"BL-Blowing"
"238",2014.11629688482,NA,315.999999999998,"long_int","2015-09-15-K-007",442382.3858,6495839.258,"10:24:28",2,5015.38772,65.16703182,"BL-Blowing"
